metric,value
accuracy,0.38174224490549474
cohen_kappa,0.04749280265878819
mcc,0.047904838167788386
