,precision,recall,f1-score,support
Sell,0.32075471698113206,0.02750809061488673,0.05067064083457526,618.0
Hold,0.42201834862385323,0.8926261319534282,0.5730897009966778,773.0
Buy,0.38571428571428573,0.15976331360946747,0.22594142259414227,507.0
accuracy,0.41517386722866173,0.41517386722866173,0.41517386722866173,0.41517386722866173
macro avg,0.376162450439757,0.3599658453925941,0.28323392147513177,1898.0
weighted avg,0.37934865196929457,0.41517386722866173,0.3102555828037037,1898.0
