class,feasible_counterfactual_pct
Buy,0.6470588235294118
Hold,0.6470588235294118
Sell,0.6470588235294118
