feature,nesuf_buy,nec_buy,suf_buy,nesuf_sell,nec_sell,suf_sell,maxNesuf_avg,max_Nec_avg,max_Suf_avg
eur_usd,0.6367610271125335,0.3731675517537444,0.12654301376374574,0.6541972735599266,0.2059096488655284,0.0995360613681847,0.64547915033623,0.2895386003096364,0.11303953756596521
volatility,0.6189555972482786,0.0,0.0,0.6566604127579726,0.5663849311760429,0.06726078799249524,0.6378080050031256,0.28319246558802147,0.03363039399624762
momentum,0.5661991869918701,0.0,0.0,0.561210280234671,0.0,0.0,0.5637047336132706,0.0,0.0
rsi_14,0.37721232020012363,0.0,0.009233195666122495,0.3405628517823628,0.0,0.0,0.3588875859912432,0.0,0.004616597833061248
volume_avg,0.24982938042839387,0.4999810833654327,0.06033354179695643,0.35284580917148023,0.6922652236630993,0.1743823598654743,0.30133759479993705,0.5961231535142659,0.11735795083121536
vix,0.1002221300834466,1.0000000000000024,0.1112915484699382,0.21594422591447138,0.9133233972167184,0.2348110456393,0.158083177998959,0.9566616986083605,0.1730512970546191
max_drawdown,0.03969270166453265,1.000000000000003,0.03969270166453265,0.0,0.0,0.0,0.019846350832266324,0.5000000000000016,0.019846350832266324
