feature,nesuf_buy,nec_buy,suf_buy,nesuf_sell,nec_sell,suf_sell,maxNesuf_avg,max_Nec_avg,max_Suf_avg
volatility,0.04536429412754506,0.7938751472320386,0.04590498893240252,0.7537313432835822,1.0000000000000135,0.753731343283582,0.3995478187055636,0.8969375736160261,0.39981816610799226
eur_usd,0.446969696969697,1.0000000000000024,0.44696969696969696,0.34545454545454546,0.9806451612903225,0.34782608695652173,0.39621212121212124,0.9903225806451625,0.3973978919631094
vix,0.10416666666666663,1.0000000000000144,0.10416666666666667,0.29420073641442357,0.9678379366156739,0.2971053981279651,0.1991837015405451,0.9839189683078442,0.2006360323973159
volume_avg,0.06666666666666665,1.000000000000002,0.06666666666666667,0.29861111111111116,1.0000000000000009,0.2986111111111111,0.1826388888888889,1.0000000000000013,0.18263888888888888
momentum,0.03349477176456639,0.5933359569723189,0.0342817729808392,0.07199071341439423,0.7878983634797591,0.07341345478622018,0.05274274258948031,0.6906171602260389,0.05384761388352968
rsi_14,0.041767578512724834,0.7880149812734085,0.04224221008673306,0.01416562889165629,0.03865760407816483,0.021869742850276378,0.027966603702190562,0.4133362926757867,0.03205597646850472
max_drawdown,0.03969270166453265,1.000000000000003,0.03969270166453265,0.0,0.0,0.0,0.019846350832266324,0.5000000000000016,0.019846350832266324
