regime,n,accuracy,f1_macro
Bull,211351,0.4023874975751238,0.37473492271564585
Crisis,499,0.5290581162324649,0.37202222415924946
Neutral,31893,0.3196939767347067,0.3112726501639188
