feature,max_Nec_avg,max_Suf_avg
eur_usd,0.2895386003096364,0.11303953756596521
volatility,0.28319246558802147,0.03363039399624762
momentum,0.0,0.0
rsi_14,0.0,0.004616597833061248
volume_avg,0.5961231535142659,0.11735795083121536
vix,0.9566616986083605,0.1730512970546191
max_drawdown,0.5000000000000016,0.019846350832266324
