{
  "A": {
    "X": {
      "mean": 0.546143071778412,
      "std": 0.036949825999800345
    },
    "Z": {
      "mean": 1.0,
      "std": 0.0
    }
  },
  "B": {
    "X": {
      "mean": 0.9660109870636187,
      "std": 0.014495835548467118
    },
    "Z": {
      "mean": 0.9513,
      "std": 0.048699999999999966
    }
  },
  "C": {
    "X": {
      "mean": 1.0,
      "std": 0.0
    },
    "Z": {
      "mean": 0.7009000000000001,
      "std": 0.0016999999999999793
    }
  },
  "D": {
    "X": {
      "mean": 0.16731891738502777,
      "std": 0.017081843553463066
    },
    "Z": {
      "mean": 1.0,
      "std": 0.0
    }
  },
  "E": {
    "X": {
      "mean": 0.5043,
      "std": 0.0070999999999999674
    },
    "Z": {
      "mean": 1.0,
      "std": 0.0
    }
  }
}