{
  "A": {
    "X": {
      "mean": 0.49188511227380866,
      "std": 0.05933348694072665
    },
    "Z": {
      "mean": 1.0,
      "std": 0.0
    }
  },
  "B": {
    "X": {
      "mean": 0.5166134882549208,
      "std": 0.025178654942943315
    },
    "Z": {
      "mean": 1.0,
      "std": 8.15843973306311e-17
    }
  },
  "C": {
    "X": {
      "mean": 0.7147898833961563,
      "std": 0.021945711135072363
    },
    "Z": {
      "mean": 1.0,
      "std": 7.195067539997723e-17
    }
  },
  "D": {
    "X": {
      "mean": 0.14107348394268004,
      "std": 0.0586627691439045
    },
    "Z": {
      "mean": 1.0,
      "std": 0.0
    }
  },
  "E": {
    "X": {
      "mean": 0.734954,
      "std": 0.05099554376609784
    },
    "Z": {
      "mean": 1.0,
      "std": 0.0
    }
  }
}