{
  "A": {
    "X": {
      "mean": 0.6149021659512881,
      "std": 0.05652307639691461
    },
    "Z": {
      "mean": 1.0,
      "std": 0.0
    }
  },
  "B": {
    "X": {
      "mean": 0.9296994648632986,
      "std": 0.05348698052421391
    },
    "Z": {
      "mean": 0.932616,
      "std": 0.07135702729234171
    }
  },
  "C": {
    "X": {
      "mean": 1.0,
      "std": 0.0
    },
    "Z": {
      "mean": 0.754892,
      "std": 0.052297857852879596
    }
  },
  "D": {
    "X": {
      "mean": 0.1650493419088415,
      "std": 0.05330565585401626
    },
    "Z": {
      "mean": 1.0,
      "std": 0.0
    }
  },
  "E": {
    "X": {
      "mean": 0.545976,
      "std": 0.051939490024450564
    },
    "Z": {
      "mean": 1.0,
      "std": 0.0
    }
  }
}