{
  "A": {
    "X": {
      "mean": 0.4314846046639102,
      "std": 0.06504225913065559
    },
    "Z": {
      "mean": 1.0,
      "std": 0.0
    }
  },
  "B": {
    "X": {
      "mean": 0.5264190468517101,
      "std": 0.025448173065302337
    },
    "Z": {
      "mean": 1.0,
      "std": 7.850462293418876e-17
    }
  },
  "C": {
    "X": {
      "mean": 0.7510330578512396,
      "std": 0.00309917355371897
    },
    "Z": {
      "mean": 1.0,
      "std": 7.850462293418876e-17
    }
  },
  "D": {
    "X": {
      "mean": 0.13097323155421653,
      "std": 0.025948811456536214
    },
    "Z": {
      "mean": 1.0,
      "std": 0.0
    }
  },
  "E": {
    "X": {
      "mean": 0.7009,
      "std": 0.008299999999999974
    },
    "Z": {
      "mean": 1.0,
      "std": 0.0
    }
  }
}