feature,maxNesuf,best_pair_low,best_pair_high
return_1y,1.0,0,5
volume_avg,0.28125,8,9
eur_usd,0.14401041666666664,2,6
ecb_rate,0.1111111111111111,3,6
momentum,0.10999999999999999,1,7
max_drawdown,0.09166666666666667,0,6
de_inflation,0.07465277777777779,8,9
volatility,0.015624999999999972,5,8
vix,0.015104166666666613,7,9
