feature,Nec,Suf
volatility,0.0,0.0
momentum,0.34895478852698114,0.5862068965517241
volume_avg,0.391304347826087,0.5
return_1y,1.0,1.0
max_drawdown,0.05510948905109486,0.27553191489361634
ecb_rate,0.23188405797101452,0.5208333333333331
eur_usd,0.014136904761904701,0.15277777777777768
de_inflation,0.0,0.0
vix,0.0,0.0
