feature,shap_importance,shap_normalized
volatility,1.2940809271742642,0.23994713968093628
momentum,0.6566045148002624,0.12174692626985593
volume_avg,0.018122264376710204,0.0033602114136929663
return_1y,5.3931917208725055,1.0
max_drawdown,1.308479418654897,0.24261689299693806
ecb_rate,0.2104292209413415,0.03901756730192756
eur_usd,0.14451126240851175,0.026795127985016792
de_inflation,0.13350215356963432,0.02475383047351346
vix,0.6181063183240545,0.11460863071711047
