feature,shap_importance,shap_normalized
volatility,1.0992873588324639,0.20348883494683997
momentum,0.7105200865649152,0.1315242129000571
volume_avg,0.11581408413654683,0.021438318981864057
return_1y,5.402199875583567,1.0
max_drawdown,1.2423995007926,0.22998029125280953
ecb_rate,0.19853122670111478,0.036750070577436504
eur_usd,0.18040412017459737,0.03339456597856987
de_inflation,0.17714172682367163,0.032790665081516644
vix,0.144745202739697,0.026793751818385104
